{"cameraMode":{"drawMode":0,"name":"Shaded","section":"Shading Mode"},"sceneLighting":true,"audioPlay":false,"sceneViewState":{"showFog":true,"showMaterialUpdate":false,"showSkybox":true,"showFlares":true,"showImageEffects":true,"showParticleSystems":true},"in2DMode":false,"pivot":{"x":0.6135690808296204,"y":-2.4852542877197267,"z":8.757597923278809},"rotation":{"x":-0.015171866863965989,"y":-0.8679090738296509,"z":0.49578049778938296,"w":-0.02656036801636219},"size":10.7391357421875,"orthographic":false}