{"cameraMode":{"drawMode":0,"name":"Shaded","section":"Shading Mode"},"sceneLighting":true,"audioPlay":false,"sceneViewState":{"showFog":true,"showMaterialUpdate":false,"showSkybox":true,"showFlares":true,"showImageEffects":true,"showParticleSystems":true},"in2DMode":false,"pivot":{"x":0.17097854614257813,"y":-1.3085050582885743,"z":9.851869583129883},"rotation":{"x":0.14580996334552766,"y":-0.33133068680763247,"z":0.051906768232584,"w":0.9307336807250977},"size":11.396737098693848,"orthographic":false}