{"cameraMode":{"drawMode":0,"name":"Shaded","section":"Shading Mode"},"sceneLighting":false,"audioPlay":false,"sceneViewState":{"showFog":false,"showMaterialUpdate":false,"showSkybox":false,"showFlares":false,"showImageEffects":false,"showParticleSystems":false},"in2DMode":false,"pivot":{"x":-2.6300225846836917e26,"y":-54646110530513670000.0,"z":2.048792795634892e26},"rotation":{"x":0.30539828538894656,"y":0.3074914216995239,"z":-0.1049145758152008,"w":0.8950831890106201},"size":69.5470199584961,"orthographic":false}