{"cameraMode":{"drawMode":0,"name":"Shaded","section":"Shading Mode"},"sceneLighting":true,"audioPlay":false,"sceneViewState":{"showFog":true,"showMaterialUpdate":false,"showSkybox":true,"showFlares":true,"showImageEffects":true,"showParticleSystems":true},"in2DMode":false,"pivot":{"x":-8.009960174560547,"y":7.494332790374756,"z":7.422270774841309},"rotation":{"x":-0.12726902961730958,"y":-0.7270322442054749,"z":0.14019986987113954,"w":-0.6599778532981873},"size":6.018227577209473,"orthographic":false}