{"cameraMode":{"drawMode":0,"name":"Shaded","section":"Shading Mode"},"sceneLighting":true,"audioPlay":false,"sceneViewState":{"showFog":true,"showMaterialUpdate":false,"showSkybox":true,"showFlares":true,"showImageEffects":true,"showParticleSystems":true},"in2DMode":false,"pivot":{"x":9.48869514465332,"y":9.344260215759278,"z":5.965065002441406},"rotation":{"x":0.0023741181939840318,"y":-0.9976247549057007,"z":-0.047922804951667789,"w":-0.04942280054092407},"size":25.10947036743164,"orthographic":false}